Extraversion,Active
Extraversion,Assertive
Extraversion,Energetic
Extraversion,Enthusiastic
Extraversion,Outgoing
Extraversion,Talkative
Agreeableness,Appreciate
Agreeableness,Forgiving
Agreeableness,Generous
Agreeableness,Kind
Agreeableness,Sympathetic
Agreeableness,Trusting
Conscientiousness,Efficient
Conscientiousness,Organised
Conscientiousness,Reliable
Conscientiousness,Responsible
Conscientiousness,Thorough
Neuroticism,Anxious
Neuroticism,Self-pitying
Neuroticism,Tense
Neuroticism,Touchy
Neuroticism,Unstable
Neuroticism,Worrying
Openness,Artistic
Openness,Curious
Openness,Imaginative
Openness,Insightful
Openness,Original
Openness,Wide interests
